email,username,password
oscaryavat3@gmail.com,Flotch88,
oscar69@gmail.com,Flotch69,bbc58acd61c6a2c2db7c3df4e1ae5d190f7f3fbf04693084d1b65ab259f0745b
oscar@gmail.com,oscar,8993d696f2ba6e3b4490ce6ddb1096e9135333d830e7880b566cfee713c20ccc
Pickolo6969@gmail.com,pikolo,aca015c491358f8aec2aca51b5ae2b9cccd6333d2b0dc97e9b9b556da7583397
scaryvt3@gmail.com,scaryvt3,8993d696f2ba6e3b4490ce6ddb1096e9135333d830e7880b566cfee713c20ccc
scaryvt4@gmail.com,scaryvt4@gmail.com,8993d696f2ba6e3b4490ce6ddb1096e9135333d830e7880b566cfee713c20ccc
oscar4@gmail.com,oscar4,a673fca636559ed49df3e4df11f9c0ab270588f1e2866474182524be9eb14a30
scar6@gmail.com,scar6,8993d696f2ba6e3b4490ce6ddb1096e9135333d830e7880b566cfee713c20ccc
oscar10@gmail.com,oscar10,a673fca636559ed49df3e4df11f9c0ab270588f1e2866474182524be9eb14a30
nathan10@gmail.com,nathan10,a673fca636559ed49df3e4df11f9c0ab270588f1e2866474182524be9eb14a30
darkhonk@gmail.com,oscar,8993d696f2ba6e3b4490ce6ddb1096e9135333d830e7880b566cfee713c20ccc
scar69@gmail.com,scar69,8993d696f2ba6e3b4490ce6ddb1096e9135333d830e7880b566cfee713c20ccc
oscar100@gmail.com,oscar100,8993d696f2ba6e3b4490ce6ddb1096e9135333d830e7880b566cfee713c20ccc
oscar200@gmail.com,oscar200,9afa277fa4083eb07c7f8014ebf8b9998c4186e8e92a16f89b1a07825795e963
